<?xml version="1.0" encoding="UTF-8"?>
<Configuration status="DEBUG">
    <Properties>
        <Property name="log-path">/var/log/tomcat7</Property>
    </Properties>
    <Appenders>
        <Console name="console-log" target="SYSTEM_OUT">
            <PatternLayout pattern="%d|%-5p|%X{userid}|%X{sessionId}|%F:%L| %m%n"/>
        </Console>
        <RollingFile name="trace-log" fileName="${log-path}/app-info.log"
                     filePattern="${log-path}/app-info-%d{yyyy-MM-dd}.log">
            <PatternLayout>
              <!--   [%-5level] %d{yyyy-MM-dd HH:mm:ss.SSS} [%t] %c{1} - %msg%n  -->
               <pattern> %d|%-5p|%X{userid}|%X{sessionId}|%F:%L| %m%n</pattern>
            </PatternLayout>
            <Policies>
                <TimeBasedTriggeringPolicy interval="1" modulate="true"/>
            </Policies>
        </RollingFile>
<!--  
          <RollingRandomAccessFile name="RollingRandomAccessFile" fileName="${log-path}/${sys:instanceName}/ra-${sys:instanceName}.log"
                     filePattern="${log-path}/${sys:instanceName}/$${date:yyyy-MM}/${sys:instanceName}-%d{yyyy-MM-dd-HH}-%i.log">">
          <PatternLayout>
            <Pattern>%d %p %c{1.} [%t] %m%n</Pattern>
          </PatternLayout>
                <Policies>
            <TimeBasedTriggeringPolicy interval="2" modulate="true"/>
            <SizeBasedTriggeringPolicy size="50 KB"/>
          </Policies>
        </RollingRandomAccessFile> -->
    </Appenders>
    <Loggers>
      <!--   <Logger name="com.mycuteblog.log4j2" level="debug" additivity="false">
            <appender-ref ref="trace-log" level="debug"/>
            <appender-ref ref="error-log" level="error"/>
            <appender-ref ref="console-log" level="debug"/>
        </Logger> -->

        <asyncRoot level="DEBUG" additivity="false">
            <!-- <AppenderRef ref="console-log"/> -->
            <AppenderRef ref="trace-log"/>
      
        </asyncRoot>
    </Loggers>
</Configuration>