<?xml version="1.0" encoding="UTF-8"?>
<beans xmlns="http://www.springframework.org/schema/beans"
	xmlns:xsi="http://www.w3.org/2001/XMLSchema-instance" xmlns:jee="http://www.springframework.org/schema/jee"
	xmlns:p="http://www.springframework.org/schema/p" xmlns:context="http://www.springframework.org/schema/context"
	xsi:schemaLocation="http://www.springframework.org/schema/beans 
	http://www.springframework.org/schema/beans/spring-beans.xsd 
	http://www.springframework.org/schema/context
	http://www.springframework.org/schema/context/spring-context.xsd
	http://www.springframework.org/schema/jee
	http://www.springframework.org/schema/jee/spring-jee.xsd">


	<context:annotation-config></context:annotation-config>



	<!-- Importing Spring Security Settings -->
	<import resource="security.xml" />
	
	<!-- <jee:jndi-lookup id="dataSource" jndi-name="java:comp/env/jdbc/epcDS"  resource-ref="true" /> -->
	
	<!-- AWS -->
   <!--  <bean id="dataSource"
		class="org.springframework.jdbc.datasource.DriverManagerDataSource">
		<property name="driverClassName" value="com.mysql.jdbc.Driver" />
		<property name="url" value="jdbc:mysql://localhost:3306/testepay" />
	    <property name="username" value="root" />
        <property name="password" value="epaydb" />
	</bean> -->
	
	<!-- local -->
<!-- 	 <bean id="dataSource"
		class="org.springframework.jdbc.datasource.DriverManagerDataSource">
		<property name="driverClassName" value="com.mysql.jdbc.Driver" />
		<property name="url" value="jdbc:mysql://localhost:3306/testepay" />
		<property name="username" value="root" />
		<property name="password" value="epaydb" />
	</bean> -->
	
	
   <bean id="dataSource"
		class="org.springframework.jdbc.datasource.DriverManagerDataSource">
		<property name="driverClassName" 
			value="com.mysql.jdbc.Driver" />
		<property name="url" value="jdbc:mysql://aa1mxdjonhtwpd.cqmmsc1cp2ax.ap-south-1.rds.amazonaws.com:3306/epc" />
		<property name="username" value="campusepay" />
		<property name="password" value="campusepayadmin" />
	</bean>

	<bean id="jdbcTemplate" class="org.springframework.jdbc.core.JdbcTemplate">
		<property name="dataSource" ref="dataSource"></property>
	</bean>

	<bean id="txManager"
		class="org.springframework.jdbc.datasource.DataSourceTransactionManager"
		p:dataSource-ref="dataSource" />


	<!-- Instance of transaction template -->
	<bean id="transactionTemplate"
		class="org.springframework.transaction.support.TransactionTemplate">
		<property name="transactionManager" ref="txManager"></property>
	</bean>

	<bean
		class="org.springframework.web.servlet.mvc.method.annotation.RequestMappingHandlerAdapter">
		<property name="cacheSeconds" value="0" />
	</bean>


	<bean id="epayUserProfileDao"
		class="com.clickntouchtech.epc.web.epaysecurity.dao.EpayUserProfileDaoImpl">
		<property name="dataSource" ref="dataSource" />
	</bean>


	<bean id="userDetailsService"
		class="com.clickntouchtech.epc.web.epaysecurity.bean.EpayUserDetailsServiceImpl">
		<property name="epayUserProfileDao" ref="epayUserProfileDao" />
	</bean>
	
	<bean id="customSuccessHandler"
		class="com.clickntouchtech.epc.web.epaysecurity.security.EpayCustomAuthSuccessHandler">
		<property name="epayUserProfileDao" ref="epayUserProfileDao" />
	</bean>
	
</beans>