<?xml version="1.0" encoding="UTF-8"?>
<beans xmlns="http://www.springframework.org/schema/beans"
	xmlns:xsi="http://www.w3.org/2001/XMLSchema-instance" xmlns:jee="http://www.springframework.org/schema/jee"
	xmlns:p="http://www.springframework.org/schema/p" xmlns:mvc="http://www.springframework.org/schema/mvc"
	xmlns:util="http://www.springframework.org/schema/util"
	xmlns:context="http://www.springframework.org/schema/context"
	xsi:schemaLocation="http://www.springframework.org/schema/beans 
	http://www.springframework.org/schema/beans/spring-beans.xsd 
	http://www.springframework.org/schema/context
	http://www.springframework.org/schema/context/spring-context.xsd
	http://www.springframework.org/schema/jee
	http://www.springframework.org/schema/jee/spring-jee.xsd
	http://www.springframework.org/schema/util 
    http://www.springframework.org/schema/util/spring-util.xsd
	http://www.springframework.org/schema/mvc
    http://www.springframework.org/schema/mvc/spring-mvc.xsd">

	<context:component-scan base-package="com.clickntouchtech.*"></context:component-scan>
	<mvc:annotation-driven />
	<mvc:resources mapping="/resources/**" location="/resources/" />
	
	<util:properties id="propertyConfigurer" location="classpath:/cdnurl_en.properties"/>
    <context:property-placeholder properties-ref="propertyConfigurer" />


	<mvc:interceptors>
		<mvc:interceptor>
			<mvc:mapping path="/epaylogin" />
			<bean
				class="org.springframework.mobile.device.DeviceResolverHandlerInterceptor" />
		</mvc:interceptor>

		<mvc:interceptor>
			<mvc:mapping path="/epcu/*" />
			<bean
				class="com.clickntouchtech.epc.web.epaysecurity.interceptor.EpayTokenInterceptor" />
		</mvc:interceptor>

		<mvc:interceptor>
			<mvc:mapping path="/epcu/*" />
			<mvc:mapping path="/gwrpu/*" />
			<bean class="com.clickntouchtech.epc.web.framework.interceptor.EpayInterceptor" />
		</mvc:interceptor>

		<mvc:interceptor>
			<mvc:mapping path="/**/*" />
			<bean id="webContentInterceptor"
				class="org.springframework.web.servlet.mvc.WebContentInterceptor">
				<property name="cacheSeconds" value="0" />
				<property name="useExpiresHeader" value="true" />
				<property name="useCacheControlHeader" value="true" />
				<property name="useCacheControlNoStore" value="true" />
			</bean>
		</mvc:interceptor>

	</mvc:interceptors>


	<bean id="tileConfigurer"
		class="org.springframework.web.servlet.view.tiles3.TilesConfigurer">
		<property name="definitions">
			<list>
				<value>/WEB-INF/tilesdefinition.xml</value>
			</list>
		</property>
	</bean>

	<bean id="viewResolver"
		class="org.springframework.web.servlet.view.tiles3.TilesViewResolver" />

	<bean id="messageSource"
		class="org.springframework.context.support.ReloadableResourceBundleMessageSource">
		<property name="basenames">
			<list>
				<value>classpath:messages</value>
				<value>classpath:errorMessage</value>
			</list>
		</property>
		<property name="defaultEncoding" value="UTF-8" />
	</bean>

	<mvc:interceptors>
		<bean class="org.springframework.web.servlet.i18n.LocaleChangeInterceptor">
			<property name="paramName" value="lang" />
		</bean>
	</mvc:interceptors>

	<bean id="localeResolver"
		class="org.springframework.web.servlet.i18n.SessionLocaleResolver">
		<property name="defaultLocale" value="en" />
	</bean>
</beans>