<?xml version="1.0" encoding="UTF-8"?>
<b:beans xmlns="http://www.springframework.org/schema/security"
    xmlns:b="http://www.springframework.org/schema/beans"
    xmlns:xsi="http://www.w3.org/2001/XMLSchema-instance"
    xsi:schemaLocation="http://www.springframework.org/schema/beans
	http://www.springframework.org/schema/beans/spring-beans-3.2.xsd
    http://www.springframework.org/schema/security
	http://www.springframework.org/schema/security/spring-security-3.2.xsd">


  <!-- With out login below url can be accessed and they are public,hence security is none -->
    <http pattern="/epaylogin" security="none"/>
    
    
    <!-- Application entry point which will redirect to login if user is not authenticated -->
    <b:bean id="appAuthenticationEntryPoint" class="com.clickntouchtech.epc.web.epaysecurity.security.EpayAuthenticationEntryPoint">
        <b:constructor-arg name="loginFormUrl" value="/epaylogin"/>
    </b:bean>
    
    <http realm="Project Realm" auto-config="true" entry-point-ref="appAuthenticationEntryPoint">
     <session-management invalid-session-url="/epaylogin" session-fixation-protection="newSession">
        <concurrency-control max-sessions="1" error-if-maximum-exceeded="true" expired-url="/epaylogin"/>
    </session-management>
        <access-denied-handler error-page="/epaylogin"/>
        <intercept-url pattern="/epaylogin" access="IS_AUTHENTICATED_ANONYMOUSLY"/> 
        <intercept-url pattern="/epca/**" access="ROLE_EPAY_SUPER_ADMIN,ROLE_EPAY_ADMIN,ROLE_EPAY_CREATER"/>
        <intercept-url pattern="/epcu/**" access="ROLE_EPAY_USER" /> 
        <form-login login-page="/epaylogin" authentication-success-handler-ref="customSuccessHandler"  authentication-failure-url="/epaylogin?login_error=1" />
        <logout logout-success-url="/epaylogin" delete-cookies="JSESSIONID"  />
    </http>

    <authentication-manager>
        <authentication-provider user-service-ref="userDetailsService">
        <password-encoder ref="encoder" />
        </authentication-provider>
    </authentication-manager>

<!--     <b:bean id="userDetailsService" class="com.clickntouchtech.epc.web.epaysecurity.bean.EpayUserDetailsServiceImpl" /> 
    <b:bean id="customSuccessHandler" class="com.clickntouchtech.epc.web.epaysecurity.security.EpayCustomAuthSuccessHandler" />-->
    
     <b:bean id="encoder" class="org.springframework.security.crypto.bcrypt.BCryptPasswordEncoder">
     <b:constructor-arg name="strength" value="11" />
     </b:bean>
     
     
 
</b:beans>
