<?xml version="1.0" encoding="UTF-8" ?>
<!DOCTYPE tiles-definitions PUBLIC  "-//Apache Software Foundation//DTD Tiles Configuration 3.0//EN"  "http://tiles.apache.org/dtds/tiles-config_3_0.dtd">


<tiles-definitions>

	<definition name="epayPreLoginLayout" template="/WEB-INF/jsp/config/ePayInitHome.jsp">
		<put-attribute name="header"
			value="/WEB-INF/jsp/config/ePayPreLoginHeader.jsp" />
		<put-attribute name="body" value="" />
		<put-attribute name="footer" value="/WEB-INF/jsp/config/ePayFooter.jsp" />
	</definition>

	<!-- <definition name="welcomepage" extends="epayPreLoginLayout">
		<put-attribute name="body" value="/auth/login.jsp" />
	</definition> -->

	<definition name="epayUserReg" extends="epayPreLoginLayout">
		<put-attribute name="body"
			value="/WEB-INF/jsp/registration/userRegistartion.jsp" />
	</definition>


	<definition name="epayOrgReg" extends="epayPreLoginLayout">
		<put-attribute name="body"
			value="/WEB-INF/jsp/registration/orgRegistartion.jsp" />
	</definition>

	<!-- <definition name="welcomepage" extends="epayPreLoginLayout"> -->
	<!-- <put-attribute name="body" value="/auth/login.jsp" /> -->
	<!-- </definition> -->
	<definition name="welcomepage" template="/auth/login.jsp" />
	<definition name="hidpage" extends="epayPreLoginLayout">
		<put-attribute name="body"
			value="/WEB-INF/jsp/config/epayloginSucess.jsp" />
	</definition>

	<definition name="ePayUserLayout" template="/WEB-INF/jsp/config/ePayHome.jsp">
		<put-attribute name="header" value="/WEB-INF/jsp/config/ePayHeader.jsp" />
		<put-attribute name="body" value="" />
		<put-attribute name="footer" value="/WEB-INF/jsp/config/ePayFooter.jsp" />
	</definition>

	<definition name="epayadminlayout" template="/WEB-INF/jsp/config/ePayAdminhome.jsp">
		<put-attribute name="header" value="/WEB-INF/jsp/config/ePayHeader.jsp" />
		<put-attribute name="body" value="" />
		<put-attribute name="footer" value="/WEB-INF/jsp/config/ePayFooter.jsp" />
	</definition>

	<definition name="errorlayout" template="/WEB-INF/jsp/config/ePayErrorhome.jsp">
		<put-attribute name="body" value="" />
		<put-attribute name="footer" value="/WEB-INF/jsp/config/ePayFooter.jsp" />
	</definition>

	<definition name="userdashboard" extends="ePayUserLayout">
		<put-attribute name="body"
			value="/WEB-INF/jsp/config/epayudashboard.jsp" />
	</definition>

	<definition name="listinstitute" extends="ePayUserLayout">
		<put-attribute name="body"
			value="/WEB-INF/jsp/epayments/ePayOrganization.jsp" />
	</definition>

	<definition name="classification" extends="ePayUserLayout">
		<put-attribute name="body"
			value="/WEB-INF/jsp/epayments/ePayClasifications.jsp" />
	</definition>

	<definition name="epayments" extends="ePayUserLayout">
		<put-attribute name="body"
			value="/WEB-INF/jsp/epayments/ePaymentsDescription.jsp" />
	</definition>

	<definition name="confirmpayment" extends="ePayUserLayout">
		<put-attribute name="body"
			value="/WEB-INF/jsp/epayments/ePayConfirmEpayment.jsp" />
	</definition>

	<definition name="epaymentssuccessview" extends="ePayUserLayout">
		<put-attribute name="body"
			value="/WEB-INF/jsp/epayments/ePaymentsuccess.jsp" />
	</definition>

	<definition name="epaymentsfailureview" extends="ePayUserLayout">
		<put-attribute name="body"
			value="/WEB-INF/jsp/epayments/ePaymentfailure.jsp" />
	</definition>

	<definition name="billdeskPaymentConfirm" template="/WEB-INF/jsp/epayments/paymentGateway.jsp"></definition>

	<definition name="billdeskPaymentConfirmComplete"
		template="/WEB-INF/jsp/epayments/paymentGatewayConfirmation.jsp"></definition>

	<definition name="postEncryptData"
		template="/WEB-INF/jsp/epayments/redirectencdata.jsp" />

	<!-- epayments end -->

	<definition name="sessionerror" extends="epayPreLoginLayout">
		<put-attribute name="body"
			value="/WEB-INF/jsp/config/ePaySessionerror.jsp" />
	</definition>

	<definition name="sessiontimeout" extends="epayPreLoginLayout">
		<put-attribute name="body"
			value="/WEB-INF/jsp/config/ePaySessiontimeout.jsp" />
	</definition>

	<definition name="logout" extends="epayPreLoginLayout">
		<put-attribute name="body" value="/WEB-INF/jsp/config/logout.jsp" />
	</definition>

	<definition name="epayorgregsuccess" extends="epayPreLoginLayout">
		<put-attribute name="body"
			value="/WEB-INF/jsp/config/epayorgregsuccess.jsp" />
	</definition>

	<definition name="commonerror" extends="ePayUserLayout">
		<put-attribute name="body"
			value="/WEB-INF/jsp/config/epaycommonerr.jsp" />
	</definition>

	<definition name="errorpage" extends="ePayUserLayout">
		<put-attribute name="body"
			value="/WEB-INF/jsp/config/epaycommonerr.jsp" />
	</definition>

	<definition name="customizederror" extends="ePayUserLayout">
		<put-attribute name="body"
			value="/WEB-INF/jsp/config/epaycommonerr.jsp" />
	</definition>

	<definition name="duetotecherror" extends="errorlayout">
		<put-attribute name="body"
			value="/WEB-INF/jsp/config/epaycommonerr.jsp" />
	</definition>


	<definition name="hackingerr" extends="errorlayout">
		<put-attribute name="body"
			value="/WEB-INF/jsp/config/epayvalidationerr.jsp" />
	</definition>

	<definition name="errorView" template="/WEB-INF/jsp/config/epaycommonerr.jsp"></definition>

	<definition name="admindashboard" extends="epayadminlayout">
		<put-attribute name="body"
			value="/WEB-INF/jsp/config/epayadashboard.jsp" />
	</definition>

	<definition name="epayuserprofile" extends="ePayUserLayout">
		<put-attribute name="body" value="/WEB-INF/jsp/config/profile.jsp" />
	</definition>


	<definition name="ePayUserPaymentHistory" extends="ePayUserLayout">
		<put-attribute name="body"
			value="/WEB-INF/jsp/paymenthistory/overAllPaymentHistory.jsp" />
	</definition>


	<!-- Org Registration Authendication -->
	<definition name="epayOrgEmailAuth"
		template="/WEB-INF/jsp/config/orgEmailAuthendication.jsp" />

	<definition name="ePayUserRegEmailAuth"
		template="/WEB-INF/jsp/config/ePayUserRegEmailAuth.jsp" />


</tiles-definitions>
